task,step,n,accuracy,correct,avg_forward_calls,seconds,wall_seconds,empty_rate,invalid_rate,gen_length,block_length,schedule
mmlu_pro,4,20,0.45,9,4.0,5.89611029624939,5.933676481246948,0.0,0.0,32,32,uniform
mmlu_pro,8,20,0.45,9,8.0,10.931288719177246,10.955825328826904,0.0,0.0,32,32,uniform
mmlu_pro,12,20,0.4,8,12.0,16.38395643234253,16.408824682235718,0.0,0.0,32,32,uniform
mmlu_pro,16,20,0.4,8,16.0,22.05161476135254,22.077840566635132,0.0,0.0,32,32,uniform
mmlu_pro,20,20,0.4,8,20.0,27.599867582321167,27.625141382217407,0.0,0.0,32,32,uniform
mmlu_pro,24,20,0.4,8,24.0,33.21256351470947,33.23891735076904,0.0,0.0,32,32,uniform
mmlu_pro,28,20,0.4,8,28.0,38.80780291557312,38.83564901351929,0.0,0.0,32,32,uniform
mmlu_pro,32,20,0.4,8,32.0,44.37586283683777,44.40257501602173,0.0,0.0,32,32,uniform
pubmedqa,4,20,0.3,6,4.0,5.9605348110198975,5.991643905639648,0.5,0.0,32,32,uniform
pubmedqa,8,20,0.6,12,8.0,11.941665410995483,11.97260332107544,0.0,0.0,32,32,uniform
pubmedqa,12,20,0.65,13,12.0,17.929514408111572,17.95842933654785,0.0,0.0,32,32,uniform
pubmedqa,16,20,0.65,13,16.0,23.920883178710938,23.950566053390503,0.0,0.0,32,32,uniform
pubmedqa,20,20,0.65,13,20.0,29.899922370910645,29.931227684020996,0.0,0.0,32,32,uniform
pubmedqa,24,20,0.65,13,24.0,35.85350584983826,35.88392782211304,0.0,0.0,32,32,uniform
pubmedqa,28,20,0.65,13,28.0,41.79594302177429,41.82636117935181,0.0,0.0,32,32,uniform
pubmedqa,32,20,0.65,13,32.0,47.70928382873535,47.738075494766235,0.0,0.0,32,32,uniform
ceval_computer_network,4,20,0.5,10,4.0,2.139108419418335,2.1566686630249023,0.1,0.0,32,32,uniform
ceval_computer_network,8,20,0.55,11,8.0,4.240804433822632,4.256979942321777,0.0,0.0,32,32,uniform
ceval_computer_network,12,20,0.5,10,12.0,6.365898370742798,6.38239860534668,0.0,0.0,32,32,uniform
ceval_computer_network,16,20,0.5,10,16.0,8.493716955184937,8.50993275642395,0.0,0.0,32,32,uniform
ceval_computer_network,20,20,0.6,12,20.0,10.623483419418335,10.639766216278076,0.0,0.0,32,32,uniform
ceval_computer_network,24,20,0.6,12,24.0,12.76752495765686,12.787501096725464,0.0,0.0,32,32,uniform
ceval_computer_network,28,20,0.6,12,28.0,14.887338638305664,14.906090497970581,0.0,0.0,32,32,uniform
ceval_computer_network,32,20,0.6,12,32.0,17.002548456192017,17.018966913223267,0.0,0.0,32,32,uniform
sciq,4,20,0.95,19,4.0,1.632786750793457,1.6463897228240967,0.0,0.0,32,32,uniform
sciq,8,20,0.9,18,8.0,3.2281668186187744,3.2424190044403076,0.0,0.0,32,32,uniform
sciq,12,20,0.9,18,12.0,4.85547947883606,4.8716089725494385,0.0,0.0,32,32,uniform
sciq,16,20,0.9,18,16.0,6.467774868011475,6.482428789138794,0.0,0.0,32,32,uniform
sciq,20,20,0.9,18,20.0,8.088205814361572,8.104314088821411,0.0,0.0,32,32,uniform
sciq,24,20,0.9,18,24.0,9.717752695083618,9.731192350387573,0.0,0.0,32,32,uniform
sciq,28,20,0.9,18,28.0,11.338111877441406,11.351029396057129,0.0,0.0,32,32,uniform
sciq,32,20,0.9,18,32.0,12.951698064804077,12.965502977371216,0.0,0.0,32,32,uniform
winogrande,4,20,0.7,14,4.0,1.6050407886505127,1.6190407276153564,0.0,0.0,32,32,uniform
winogrande,8,20,0.75,15,8.0,3.1620895862579346,3.1754612922668457,0.0,0.0,32,32,uniform
winogrande,12,20,0.75,15,12.0,4.754712343215942,4.768108129501343,0.0,0.0,32,32,uniform
winogrande,16,20,0.75,15,16.0,6.345574855804443,6.3601109981536865,0.0,0.0,32,32,uniform
winogrande,20,20,0.75,15,20.0,7.930687665939331,7.944660902023315,0.0,0.0,32,32,uniform
winogrande,24,20,0.75,15,24.0,9.535084247589111,9.549607276916504,0.0,0.0,32,32,uniform
winogrande,28,20,0.75,15,28.0,11.13628363609314,11.150432825088501,0.0,0.0,32,32,uniform
winogrande,32,20,0.75,15,32.0,12.717864751815796,12.731807231903076,0.0,0.0,32,32,uniform
commonsenseqa,4,20,0.85,17,4.0,1.7605218887329102,1.7764718532562256,0.0,0.0,32,32,uniform
commonsenseqa,8,20,0.85,17,8.0,3.4422507286071777,3.45735764503479,0.0,0.0,32,32,uniform
commonsenseqa,12,20,0.85,17,12.0,5.1801512241363525,5.195510149002075,0.0,0.0,32,32,uniform
commonsenseqa,16,20,0.85,17,16.0,6.9068920612335205,6.922158718109131,0.0,0.0,32,32,uniform
commonsenseqa,20,20,0.85,17,20.0,8.649630784988403,8.666268110275269,0.0,0.0,32,32,uniform
commonsenseqa,24,20,0.85,17,24.0,10.366930484771729,10.383066415786743,0.0,0.0,32,32,uniform
commonsenseqa,28,20,0.85,17,28.0,12.094791650772095,12.111454010009766,0.0,0.0,32,32,uniform
commonsenseqa,32,20,0.85,17,32.0,13.821268081665039,13.837515354156494,0.0,0.0,32,32,uniform
arc_challenge,4,20,0.75,15,4.0,2.0607070922851562,2.0771372318267822,0.0,0.0,32,32,uniform
arc_challenge,8,20,0.8,16,8.0,4.061218023300171,4.077953577041626,0.0,0.0,32,32,uniform
arc_challenge,12,20,0.85,17,12.0,6.093332529067993,6.11076807975769,0.0,0.0,32,32,uniform
arc_challenge,16,20,0.85,17,16.0,8.134047985076904,8.151225805282593,0.0,0.0,32,32,uniform
arc_challenge,20,20,0.85,17,20.0,10.169336557388306,10.186689853668213,0.0,0.0,32,32,uniform
arc_challenge,24,20,0.85,17,24.0,12.204934358596802,12.221554517745972,0.0,0.0,32,32,uniform
arc_challenge,28,20,0.85,17,28.0,14.239264488220215,14.256485223770142,0.0,0.0,32,32,uniform
arc_challenge,32,20,0.85,17,32.0,16.281023740768433,16.29881763458252,0.0,0.0,32,32,uniform
hellaswag,4,20,0.55,11,4.0,3.431943655014038,3.455038070678711,0.0,0.0,32,32,uniform
hellaswag,8,20,0.6,12,8.0,6.836133718490601,6.8573315143585205,0.0,0.0,32,32,uniform
hellaswag,12,20,0.65,13,12.0,10.273271083831787,10.293725967407227,0.0,0.0,32,32,uniform
hellaswag,16,20,0.65,13,16.0,13.707326889038086,13.728851079940796,0.0,0.0,32,32,uniform
hellaswag,20,20,0.6,12,20.0,17.139675855636597,17.161329746246338,0.0,0.0,32,32,uniform
hellaswag,24,20,0.6,12,24.0,20.56147861480713,20.583738803863525,0.0,0.0,32,32,uniform
hellaswag,28,20,0.6,12,28.0,23.993114709854126,24.01622486114502,0.0,0.0,32,32,uniform
hellaswag,32,20,0.6,12,32.0,27.441047191619873,27.465131044387817,0.0,0.0,32,32,uniform
boolq,4,20,0.5,10,4.0,3.1437292098999023,3.1632325649261475,0.25,0.0,32,32,uniform
boolq,8,20,0.65,13,8.0,6.263277530670166,6.281407356262207,0.0,0.0,32,32,uniform
boolq,12,20,0.75,15,12.0,9.398711919784546,9.41902756690979,0.0,0.0,32,32,uniform
boolq,16,20,0.75,15,16.0,12.552903175354004,12.572311162948608,0.0,0.0,32,32,uniform
boolq,20,20,0.75,15,20.0,15.713044881820679,15.732699155807495,0.0,0.0,32,32,uniform
boolq,24,20,0.75,15,24.0,18.8459951877594,18.864908456802368,0.0,0.0,32,32,uniform
boolq,28,20,0.75,15,28.0,21.99942421913147,22.01851987838745,0.0,0.0,32,32,uniform
boolq,32,20,0.75,15,32.0,25.120378732681274,25.140725135803223,0.0,0.0,32,32,uniform
gsm8k,4,20,0.2,4,4.0,2.4078450202941895,2.423090696334839,0.0,0.0,96,96,uniform
gsm8k,8,20,0.55,11,8.0,4.733065128326416,4.748335599899292,0.0,0.0,96,96,uniform
gsm8k,12,20,0.55,11,12.0,7.114535093307495,7.130831003189087,0.0,0.0,96,96,uniform
gsm8k,16,20,0.5,10,16.0,9.498512506484985,9.515947103500366,0.0,0.0,96,96,uniform
gsm8k,20,20,0.55,11,20.0,11.864712715148926,11.881862878799438,0.0,0.0,96,96,uniform
gsm8k,24,20,0.6,12,24.0,14.231993198394775,14.248823165893555,0.0,0.0,96,96,uniform
gsm8k,28,20,0.55,11,28.0,16.604544639587402,16.621532917022705,0.0,0.0,96,96,uniform
gsm8k,32,20,0.65,13,32.0,18.97589635848999,18.993175983428955,0.0,0.0,96,96,uniform
drop_span,4,20,0.0,0,4.0,5.584280729293823,5.610436916351318,0.0,0.0,96,96,uniform
drop_span,8,20,0.0,0,8.0,11.127511501312256,11.152140140533447,0.0,0.0,96,96,uniform
drop_span,12,20,0.0,0,12.0,16.71079421043396,16.736280918121338,0.0,0.0,96,96,uniform
drop_span,16,20,0.0,0,16.0,22.283737897872925,22.308666229248047,0.0,0.0,96,96,uniform
drop_span,20,20,0.0,0,20.0,27.864694595336914,27.89059853553772,0.0,0.0,96,96,uniform
drop_span,24,20,0.0,0,24.0,33.49512028694153,33.522176027297974,0.0,0.0,96,96,uniform
drop_span,28,20,0.0,0,28.0,39.082661628723145,39.109673738479614,0.0,0.0,96,96,uniform
drop_span,32,20,0.0,0,32.0,44.64530348777771,44.67429733276367,0.0,0.0,96,96,uniform
