task,task_name,step,n,accuracy,correct,seconds,peak_mem_gb,source
arc_challenge,ARC,2,100,0.830000,83,12.797487,15.683139,results/domain_shift/task_aware/solid_v2/step_sweep_limit100_2to40/raw/llada8b_fixed_steps2_9task_limit100_seed23.json
arc_challenge,ARC,4,100,0.830000,83,19.163364,15.683139,results/domain_shift/task_aware/solid_v2/step_sweep_limit100_2to40/raw/llada8b_fixed_steps4_9task_limit100_seed23.json
arc_challenge,ARC,6,100,0.830000,83,38.143697,15.683139,results/domain_shift/task_aware/solid_v2/step_sweep_limit100_2to40/raw/llada8b_fixed_steps6_9task_limit100_seed23.json
arc_challenge,ARC,8,100,0.820000,82,51.266058,15.683139,results/domain_shift/task_aware/solid_v2/step_sweep_limit100_2to40/raw/llada8b_fixed_steps8_9task_limit100_seed23.json
arc_challenge,ARC,10,100,0.820000,82,64.729128,15.683139,results/domain_shift/task_aware/solid_v2/step_sweep_limit100_2to40/raw/llada8b_fixed_steps10_9task_limit100_seed23.json
arc_challenge,ARC,12,100,0.840000,84,77.204196,15.683139,results/domain_shift/task_aware/solid_v2/step_sweep_limit100_2to40/raw/llada8b_fixed_steps12_9task_limit100_seed23.json
arc_challenge,ARC,14,100,0.840000,84,90.618867,15.683139,results/domain_shift/task_aware/solid_v2/step_sweep_limit100_2to40/raw/llada8b_fixed_steps14_9task_limit100_seed23.json
arc_challenge,ARC,16,100,0.840000,84,102.454926,15.683139,results/domain_shift/task_aware/solid_v2/step_sweep_limit100_2to40/raw/llada8b_fixed_steps16_9task_limit100_seed23.json
arc_challenge,ARC,18,100,0.850000,85,116.139715,15.683140,results/domain_shift/task_aware/solid_v2/step_sweep_limit100_2to40/raw/llada8b_fixed_steps18_9task_limit100_seed23.json
arc_challenge,ARC,20,100,0.850000,85,128.693027,15.683140,results/domain_shift/task_aware/solid_v2/step_sweep_limit100_2to40/raw/llada8b_fixed_steps20_9task_limit100_seed23.json
arc_challenge,ARC,22,100,0.850000,85,141.940946,15.683140,results/domain_shift/task_aware/solid_v2/step_sweep_limit100_2to40/raw/llada8b_fixed_steps22_9task_limit100_seed23.json
arc_challenge,ARC,24,100,0.850000,85,154.566800,15.683140,results/domain_shift/task_aware/solid_v2/step_sweep_limit100_2to40/raw/llada8b_fixed_steps24_9task_limit100_seed23.json
arc_challenge,ARC,32,100,0.850000,85,193.266669,15.683140,results/domain_shift/task_aware/solid_v2/step_sweep_limit100_2to40/raw/llada8b_fixed_steps32_9task_limit100_seed23.json
arc_challenge,ARC,40,100,0.850000,85,250.838942,15.683140,results/domain_shift/task_aware/solid_v2/step_sweep_limit100_2to40/raw/llada8b_fixed_steps40_9task_limit100_seed23.json
boolq,BoolQ,2,100,0.710000,71,18.739460,16.423323,results/domain_shift/task_aware/solid_v2/step_sweep_limit100_2to40/raw/llada8b_fixed_steps2_9task_limit100_seed23.json
boolq,BoolQ,4,100,0.730000,73,39.861147,16.423323,results/domain_shift/task_aware/solid_v2/step_sweep_limit100_2to40/raw/llada8b_fixed_steps4_9task_limit100_seed23.json
boolq,BoolQ,6,100,0.790000,79,56.486635,16.423323,results/domain_shift/task_aware/solid_v2/step_sweep_limit100_2to40/raw/llada8b_fixed_steps6_9task_limit100_seed23.json
boolq,BoolQ,8,100,0.810000,81,80.345114,16.423323,results/domain_shift/task_aware/solid_v2/step_sweep_limit100_2to40/raw/llada8b_fixed_steps8_9task_limit100_seed23.json
boolq,BoolQ,10,100,0.740000,74,94.057932,16.423323,results/domain_shift/task_aware/solid_v2/step_sweep_limit100_2to40/raw/llada8b_fixed_steps10_9task_limit100_seed23.json
boolq,BoolQ,12,100,0.830000,83,120.793828,16.423323,results/domain_shift/task_aware/solid_v2/step_sweep_limit100_2to40/raw/llada8b_fixed_steps12_9task_limit100_seed23.json
boolq,BoolQ,14,100,0.830000,83,132.229033,16.423323,results/domain_shift/task_aware/solid_v2/step_sweep_limit100_2to40/raw/llada8b_fixed_steps14_9task_limit100_seed23.json
boolq,BoolQ,16,100,0.830000,83,159.073775,16.423323,results/domain_shift/task_aware/solid_v2/step_sweep_limit100_2to40/raw/llada8b_fixed_steps16_9task_limit100_seed23.json
boolq,BoolQ,18,100,0.830000,83,169.473952,16.423324,results/domain_shift/task_aware/solid_v2/step_sweep_limit100_2to40/raw/llada8b_fixed_steps18_9task_limit100_seed23.json
boolq,BoolQ,20,100,0.850000,85,196.737333,16.423324,results/domain_shift/task_aware/solid_v2/step_sweep_limit100_2to40/raw/llada8b_fixed_steps20_9task_limit100_seed23.json
boolq,BoolQ,22,100,0.850000,85,207.329336,16.423324,results/domain_shift/task_aware/solid_v2/step_sweep_limit100_2to40/raw/llada8b_fixed_steps22_9task_limit100_seed23.json
boolq,BoolQ,24,100,0.850000,85,234.676718,16.423324,results/domain_shift/task_aware/solid_v2/step_sweep_limit100_2to40/raw/llada8b_fixed_steps24_9task_limit100_seed23.json
boolq,BoolQ,32,100,0.850000,85,307.641064,16.423324,results/domain_shift/task_aware/solid_v2/step_sweep_limit100_2to40/raw/llada8b_fixed_steps32_9task_limit100_seed23.json
boolq,BoolQ,40,100,0.850000,85,181.280944,16.423324,results/domain_shift/task_aware/solid_v2/step_sweep_limit100_2to40/raw/llada8b_fixed_steps40_9task_limit100_seed23.json
ceval_computer_network,C-Eval,2,100,0.600000,60,12.639767,15.648757,results/domain_shift/task_aware/solid_v2/step_sweep_limit100_2to40/raw/llada8b_fixed_steps2_9task_limit100_seed23.json
ceval_computer_network,C-Eval,4,100,0.540000,54,24.379835,15.648757,results/domain_shift/task_aware/solid_v2/step_sweep_limit100_2to40/raw/llada8b_fixed_steps4_9task_limit100_seed23.json
ceval_computer_network,C-Eval,6,100,0.610000,61,38.038896,15.648757,results/domain_shift/task_aware/solid_v2/step_sweep_limit100_2to40/raw/llada8b_fixed_steps6_9task_limit100_seed23.json
ceval_computer_network,C-Eval,8,100,0.550000,55,48.769049,15.648757,results/domain_shift/task_aware/solid_v2/step_sweep_limit100_2to40/raw/llada8b_fixed_steps8_9task_limit100_seed23.json
ceval_computer_network,C-Eval,10,100,0.540000,54,63.137126,15.648757,results/domain_shift/task_aware/solid_v2/step_sweep_limit100_2to40/raw/llada8b_fixed_steps10_9task_limit100_seed23.json
ceval_computer_network,C-Eval,12,100,0.570000,57,74.696691,15.648757,results/domain_shift/task_aware/solid_v2/step_sweep_limit100_2to40/raw/llada8b_fixed_steps12_9task_limit100_seed23.json
ceval_computer_network,C-Eval,14,100,0.570000,57,86.477933,15.648757,results/domain_shift/task_aware/solid_v2/step_sweep_limit100_2to40/raw/llada8b_fixed_steps14_9task_limit100_seed23.json
ceval_computer_network,C-Eval,16,100,0.570000,57,99.271931,15.648757,results/domain_shift/task_aware/solid_v2/step_sweep_limit100_2to40/raw/llada8b_fixed_steps16_9task_limit100_seed23.json
ceval_computer_network,C-Eval,18,100,0.580000,58,104.887039,15.648758,results/domain_shift/task_aware/solid_v2/step_sweep_limit100_2to40/raw/llada8b_fixed_steps18_9task_limit100_seed23.json
ceval_computer_network,C-Eval,20,100,0.580000,58,124.040120,15.648758,results/domain_shift/task_aware/solid_v2/step_sweep_limit100_2to40/raw/llada8b_fixed_steps20_9task_limit100_seed23.json
ceval_computer_network,C-Eval,22,100,0.580000,58,129.120832,15.648758,results/domain_shift/task_aware/solid_v2/step_sweep_limit100_2to40/raw/llada8b_fixed_steps22_9task_limit100_seed23.json
ceval_computer_network,C-Eval,24,100,0.580000,58,148.700480,15.648758,results/domain_shift/task_aware/solid_v2/step_sweep_limit100_2to40/raw/llada8b_fixed_steps24_9task_limit100_seed23.json
ceval_computer_network,C-Eval,32,100,0.580000,58,202.352814,15.648758,results/domain_shift/task_aware/solid_v2/step_sweep_limit100_2to40/raw/llada8b_fixed_steps32_9task_limit100_seed23.json
ceval_computer_network,C-Eval,40,100,0.580000,58,234.660214,15.648758,results/domain_shift/task_aware/solid_v2/step_sweep_limit100_2to40/raw/llada8b_fixed_steps40_9task_limit100_seed23.json
commonsenseqa,CommonsenseQA,2,100,0.820000,82,12.097399,15.508423,results/domain_shift/task_aware/solid_v2/step_sweep_limit100_2to40/raw/llada8b_fixed_steps2_9task_limit100_seed23.json
commonsenseqa,CommonsenseQA,4,100,0.810000,81,10.456473,15.508423,results/domain_shift/task_aware/solid_v2/step_sweep_limit100_2to40/raw/llada8b_fixed_steps4_9task_limit100_seed23.json
commonsenseqa,CommonsenseQA,6,100,0.800000,80,36.196452,15.508423,results/domain_shift/task_aware/solid_v2/step_sweep_limit100_2to40/raw/llada8b_fixed_steps6_9task_limit100_seed23.json
commonsenseqa,CommonsenseQA,8,100,0.820000,82,42.673591,15.508423,results/domain_shift/task_aware/solid_v2/step_sweep_limit100_2to40/raw/llada8b_fixed_steps8_9task_limit100_seed23.json
commonsenseqa,CommonsenseQA,10,100,0.800000,80,60.283283,15.508423,results/domain_shift/task_aware/solid_v2/step_sweep_limit100_2to40/raw/llada8b_fixed_steps10_9task_limit100_seed23.json
commonsenseqa,CommonsenseQA,12,100,0.800000,80,72.127465,15.508423,results/domain_shift/task_aware/solid_v2/step_sweep_limit100_2to40/raw/llada8b_fixed_steps12_9task_limit100_seed23.json
commonsenseqa,CommonsenseQA,14,100,0.800000,80,84.405576,15.508423,results/domain_shift/task_aware/solid_v2/step_sweep_limit100_2to40/raw/llada8b_fixed_steps14_9task_limit100_seed23.json
commonsenseqa,CommonsenseQA,16,100,0.800000,80,95.778286,15.508423,results/domain_shift/task_aware/solid_v2/step_sweep_limit100_2to40/raw/llada8b_fixed_steps16_9task_limit100_seed23.json
commonsenseqa,CommonsenseQA,18,100,0.800000,80,108.101427,15.508423,results/domain_shift/task_aware/solid_v2/step_sweep_limit100_2to40/raw/llada8b_fixed_steps18_9task_limit100_seed23.json
commonsenseqa,CommonsenseQA,20,100,0.800000,80,119.379146,15.508423,results/domain_shift/task_aware/solid_v2/step_sweep_limit100_2to40/raw/llada8b_fixed_steps20_9task_limit100_seed23.json
commonsenseqa,CommonsenseQA,22,100,0.800000,80,131.946126,15.508423,results/domain_shift/task_aware/solid_v2/step_sweep_limit100_2to40/raw/llada8b_fixed_steps22_9task_limit100_seed23.json
commonsenseqa,CommonsenseQA,24,100,0.800000,80,143.258045,15.508423,results/domain_shift/task_aware/solid_v2/step_sweep_limit100_2to40/raw/llada8b_fixed_steps24_9task_limit100_seed23.json
commonsenseqa,CommonsenseQA,32,100,0.800000,80,180.802510,15.508423,results/domain_shift/task_aware/solid_v2/step_sweep_limit100_2to40/raw/llada8b_fixed_steps32_9task_limit100_seed23.json
commonsenseqa,CommonsenseQA,40,100,0.800000,80,234.300737,15.508424,results/domain_shift/task_aware/solid_v2/step_sweep_limit100_2to40/raw/llada8b_fixed_steps40_9task_limit100_seed23.json
hellaswag,HellaSwag,2,100,0.730000,73,21.204724,16.173502,results/domain_shift/task_aware/solid_v2/step_sweep_limit100_2to40/raw/llada8b_fixed_steps2_9task_limit100_seed23.json
hellaswag,HellaSwag,4,100,0.760000,76,44.772581,16.173502,results/domain_shift/task_aware/solid_v2/step_sweep_limit100_2to40/raw/llada8b_fixed_steps4_9task_limit100_seed23.json
hellaswag,HellaSwag,6,100,0.760000,76,64.110398,16.173502,results/domain_shift/task_aware/solid_v2/step_sweep_limit100_2to40/raw/llada8b_fixed_steps6_9task_limit100_seed23.json
hellaswag,HellaSwag,8,100,0.760000,76,90.384561,16.173502,results/domain_shift/task_aware/solid_v2/step_sweep_limit100_2to40/raw/llada8b_fixed_steps8_9task_limit100_seed23.json
hellaswag,HellaSwag,10,100,0.780000,78,108.203371,16.173502,results/domain_shift/task_aware/solid_v2/step_sweep_limit100_2to40/raw/llada8b_fixed_steps10_9task_limit100_seed23.json
hellaswag,HellaSwag,12,100,0.780000,78,136.102225,16.173502,results/domain_shift/task_aware/solid_v2/step_sweep_limit100_2to40/raw/llada8b_fixed_steps12_9task_limit100_seed23.json
hellaswag,HellaSwag,14,100,0.780000,78,153.755340,16.173502,results/domain_shift/task_aware/solid_v2/step_sweep_limit100_2to40/raw/llada8b_fixed_steps14_9task_limit100_seed23.json
hellaswag,HellaSwag,16,100,0.780000,78,181.352301,16.173502,results/domain_shift/task_aware/solid_v2/step_sweep_limit100_2to40/raw/llada8b_fixed_steps16_9task_limit100_seed23.json
hellaswag,HellaSwag,18,100,0.770000,77,198.274966,16.173502,results/domain_shift/task_aware/solid_v2/step_sweep_limit100_2to40/raw/llada8b_fixed_steps18_9task_limit100_seed23.json
hellaswag,HellaSwag,20,100,0.770000,77,226.634607,16.173502,results/domain_shift/task_aware/solid_v2/step_sweep_limit100_2to40/raw/llada8b_fixed_steps20_9task_limit100_seed23.json
hellaswag,HellaSwag,22,100,0.770000,77,243.675606,16.173502,results/domain_shift/task_aware/solid_v2/step_sweep_limit100_2to40/raw/llada8b_fixed_steps22_9task_limit100_seed23.json
hellaswag,HellaSwag,24,100,0.770000,77,271.789872,16.173502,results/domain_shift/task_aware/solid_v2/step_sweep_limit100_2to40/raw/llada8b_fixed_steps24_9task_limit100_seed23.json
hellaswag,HellaSwag,32,100,0.770000,77,340.844601,16.173502,results/domain_shift/task_aware/solid_v2/step_sweep_limit100_2to40/raw/llada8b_fixed_steps32_9task_limit100_seed23.json
hellaswag,HellaSwag,40,100,0.770000,77,254.905649,16.173503,results/domain_shift/task_aware/solid_v2/step_sweep_limit100_2to40/raw/llada8b_fixed_steps40_9task_limit100_seed23.json
mmlu_pro,MMLU-Pro,2,100,0.410000,41,30.130048,17.181026,results/domain_shift/task_aware/solid_v2/step_sweep_limit100_2to40/raw/llada8b_fixed_steps2_9task_limit100_seed23.json
mmlu_pro,MMLU-Pro,4,100,0.430000,43,59.691946,17.181026,results/domain_shift/task_aware/solid_v2/step_sweep_limit100_2to40/raw/llada8b_fixed_steps4_9task_limit100_seed23.json
mmlu_pro,MMLU-Pro,6,100,0.420000,42,87.725077,17.181026,results/domain_shift/task_aware/solid_v2/step_sweep_limit100_2to40/raw/llada8b_fixed_steps6_9task_limit100_seed23.json
mmlu_pro,MMLU-Pro,8,100,0.410000,41,117.510913,17.181026,results/domain_shift/task_aware/solid_v2/step_sweep_limit100_2to40/raw/llada8b_fixed_steps8_9task_limit100_seed23.json
mmlu_pro,MMLU-Pro,10,100,0.400000,40,143.925487,17.181026,results/domain_shift/task_aware/solid_v2/step_sweep_limit100_2to40/raw/llada8b_fixed_steps10_9task_limit100_seed23.json
mmlu_pro,MMLU-Pro,12,100,0.440000,44,172.323918,17.181026,results/domain_shift/task_aware/solid_v2/step_sweep_limit100_2to40/raw/llada8b_fixed_steps12_9task_limit100_seed23.json
mmlu_pro,MMLU-Pro,14,100,0.440000,44,198.992167,17.181026,results/domain_shift/task_aware/solid_v2/step_sweep_limit100_2to40/raw/llada8b_fixed_steps14_9task_limit100_seed23.json
mmlu_pro,MMLU-Pro,16,100,0.440000,44,225.907259,17.181026,results/domain_shift/task_aware/solid_v2/step_sweep_limit100_2to40/raw/llada8b_fixed_steps16_9task_limit100_seed23.json
mmlu_pro,MMLU-Pro,18,100,0.430000,43,254.800201,17.181026,results/domain_shift/task_aware/solid_v2/step_sweep_limit100_2to40/raw/llada8b_fixed_steps18_9task_limit100_seed23.json
mmlu_pro,MMLU-Pro,20,100,0.430000,43,281.999683,17.181026,results/domain_shift/task_aware/solid_v2/step_sweep_limit100_2to40/raw/llada8b_fixed_steps20_9task_limit100_seed23.json
mmlu_pro,MMLU-Pro,22,100,0.430000,43,310.009910,17.181026,results/domain_shift/task_aware/solid_v2/step_sweep_limit100_2to40/raw/llada8b_fixed_steps22_9task_limit100_seed23.json
mmlu_pro,MMLU-Pro,24,100,0.430000,43,338.139010,17.181026,results/domain_shift/task_aware/solid_v2/step_sweep_limit100_2to40/raw/llada8b_fixed_steps24_9task_limit100_seed23.json
mmlu_pro,MMLU-Pro,32,100,0.440000,44,425.099910,17.181026,results/domain_shift/task_aware/solid_v2/step_sweep_limit100_2to40/raw/llada8b_fixed_steps32_9task_limit100_seed23.json
mmlu_pro,MMLU-Pro,40,100,0.440000,44,595.279417,17.181026,results/domain_shift/task_aware/solid_v2/step_sweep_limit100_2to40/raw/llada8b_fixed_steps40_9task_limit100_seed23.json
pubmedqa,PubMedQA,2,100,0.260000,26,34.333902,16.963928,results/domain_shift/task_aware/solid_v2/step_sweep_limit100_2to40/raw/llada8b_fixed_steps2_9task_limit100_seed23.json
pubmedqa,PubMedQA,4,100,0.200000,20,64.419368,16.963928,results/domain_shift/task_aware/solid_v2/step_sweep_limit100_2to40/raw/llada8b_fixed_steps4_9task_limit100_seed23.json
pubmedqa,PubMedQA,6,100,0.330000,33,95.645487,16.963928,results/domain_shift/task_aware/solid_v2/step_sweep_limit100_2to40/raw/llada8b_fixed_steps6_9task_limit100_seed23.json
pubmedqa,PubMedQA,8,100,0.530000,53,129.902079,16.963928,results/domain_shift/task_aware/solid_v2/step_sweep_limit100_2to40/raw/llada8b_fixed_steps8_9task_limit100_seed23.json
pubmedqa,PubMedQA,10,100,0.520000,52,163.492552,16.963928,results/domain_shift/task_aware/solid_v2/step_sweep_limit100_2to40/raw/llada8b_fixed_steps10_9task_limit100_seed23.json
pubmedqa,PubMedQA,12,100,0.570000,57,197.156524,16.963928,results/domain_shift/task_aware/solid_v2/step_sweep_limit100_2to40/raw/llada8b_fixed_steps12_9task_limit100_seed23.json
pubmedqa,PubMedQA,14,100,0.570000,57,232.708374,16.963928,results/domain_shift/task_aware/solid_v2/step_sweep_limit100_2to40/raw/llada8b_fixed_steps14_9task_limit100_seed23.json
pubmedqa,PubMedQA,16,100,0.570000,57,264.622883,16.963928,results/domain_shift/task_aware/solid_v2/step_sweep_limit100_2to40/raw/llada8b_fixed_steps16_9task_limit100_seed23.json
pubmedqa,PubMedQA,18,100,0.590000,59,306.476288,16.963928,results/domain_shift/task_aware/solid_v2/step_sweep_limit100_2to40/raw/llada8b_fixed_steps18_9task_limit100_seed23.json
pubmedqa,PubMedQA,20,100,0.620000,62,331.956413,16.963928,results/domain_shift/task_aware/solid_v2/step_sweep_limit100_2to40/raw/llada8b_fixed_steps20_9task_limit100_seed23.json
pubmedqa,PubMedQA,22,100,0.620000,62,373.390316,16.963928,results/domain_shift/task_aware/solid_v2/step_sweep_limit100_2to40/raw/llada8b_fixed_steps22_9task_limit100_seed23.json
pubmedqa,PubMedQA,24,100,0.620000,62,399.216434,16.963928,results/domain_shift/task_aware/solid_v2/step_sweep_limit100_2to40/raw/llada8b_fixed_steps24_9task_limit100_seed23.json
pubmedqa,PubMedQA,32,100,0.620000,62,555.498428,16.963928,results/domain_shift/task_aware/solid_v2/step_sweep_limit100_2to40/raw/llada8b_fixed_steps32_9task_limit100_seed23.json
pubmedqa,PubMedQA,40,100,0.620000,62,672.787955,16.963929,results/domain_shift/task_aware/solid_v2/step_sweep_limit100_2to40/raw/llada8b_fixed_steps40_9task_limit100_seed23.json
sciq,SciQ,2,100,0.900000,90,12.272593,15.548512,results/domain_shift/task_aware/solid_v2/step_sweep_limit100_2to40/raw/llada8b_fixed_steps2_9task_limit100_seed23.json
sciq,SciQ,4,100,0.910000,91,20.522015,15.548512,results/domain_shift/task_aware/solid_v2/step_sweep_limit100_2to40/raw/llada8b_fixed_steps4_9task_limit100_seed23.json
sciq,SciQ,6,100,0.900000,90,36.936904,15.548512,results/domain_shift/task_aware/solid_v2/step_sweep_limit100_2to40/raw/llada8b_fixed_steps6_9task_limit100_seed23.json
sciq,SciQ,8,100,0.900000,90,47.569914,15.548512,results/domain_shift/task_aware/solid_v2/step_sweep_limit100_2to40/raw/llada8b_fixed_steps8_9task_limit100_seed23.json
sciq,SciQ,10,100,0.900000,90,60.763553,15.548512,results/domain_shift/task_aware/solid_v2/step_sweep_limit100_2to40/raw/llada8b_fixed_steps10_9task_limit100_seed23.json
sciq,SciQ,12,100,0.900000,90,71.770886,15.548512,results/domain_shift/task_aware/solid_v2/step_sweep_limit100_2to40/raw/llada8b_fixed_steps12_9task_limit100_seed23.json
sciq,SciQ,14,100,0.900000,90,85.362123,15.548512,results/domain_shift/task_aware/solid_v2/step_sweep_limit100_2to40/raw/llada8b_fixed_steps14_9task_limit100_seed23.json
sciq,SciQ,16,100,0.900000,90,95.159880,15.548512,results/domain_shift/task_aware/solid_v2/step_sweep_limit100_2to40/raw/llada8b_fixed_steps16_9task_limit100_seed23.json
sciq,SciQ,18,100,0.900000,90,109.011293,15.548512,results/domain_shift/task_aware/solid_v2/step_sweep_limit100_2to40/raw/llada8b_fixed_steps18_9task_limit100_seed23.json
sciq,SciQ,20,100,0.900000,90,119.411709,15.548512,results/domain_shift/task_aware/solid_v2/step_sweep_limit100_2to40/raw/llada8b_fixed_steps20_9task_limit100_seed23.json
sciq,SciQ,22,100,0.900000,90,133.799154,15.548512,results/domain_shift/task_aware/solid_v2/step_sweep_limit100_2to40/raw/llada8b_fixed_steps22_9task_limit100_seed23.json
sciq,SciQ,24,100,0.900000,90,143.306023,15.548512,results/domain_shift/task_aware/solid_v2/step_sweep_limit100_2to40/raw/llada8b_fixed_steps24_9task_limit100_seed23.json
sciq,SciQ,32,100,0.900000,90,192.036867,15.548512,results/domain_shift/task_aware/solid_v2/step_sweep_limit100_2to40/raw/llada8b_fixed_steps32_9task_limit100_seed23.json
sciq,SciQ,40,100,0.900000,90,228.433343,15.548512,results/domain_shift/task_aware/solid_v2/step_sweep_limit100_2to40/raw/llada8b_fixed_steps40_9task_limit100_seed23.json
winogrande,WinoGrande,2,100,0.690000,69,11.316356,15.439712,results/domain_shift/task_aware/solid_v2/step_sweep_limit100_2to40/raw/llada8b_fixed_steps2_9task_limit100_seed23.json
winogrande,WinoGrande,4,100,0.730000,73,9.814497,15.439712,results/domain_shift/task_aware/solid_v2/step_sweep_limit100_2to40/raw/llada8b_fixed_steps4_9task_limit100_seed23.json
winogrande,WinoGrande,6,100,0.700000,70,34.236773,15.439712,results/domain_shift/task_aware/solid_v2/step_sweep_limit100_2to40/raw/llada8b_fixed_steps6_9task_limit100_seed23.json
winogrande,WinoGrande,8,100,0.740000,74,41.004770,15.439712,results/domain_shift/task_aware/solid_v2/step_sweep_limit100_2to40/raw/llada8b_fixed_steps8_9task_limit100_seed23.json
winogrande,WinoGrande,10,100,0.740000,74,56.906889,15.439712,results/domain_shift/task_aware/solid_v2/step_sweep_limit100_2to40/raw/llada8b_fixed_steps10_9task_limit100_seed23.json
winogrande,WinoGrande,12,100,0.730000,73,58.891273,15.439712,results/domain_shift/task_aware/solid_v2/step_sweep_limit100_2to40/raw/llada8b_fixed_steps12_9task_limit100_seed23.json
winogrande,WinoGrande,14,100,0.730000,73,79.378736,15.439712,results/domain_shift/task_aware/solid_v2/step_sweep_limit100_2to40/raw/llada8b_fixed_steps14_9task_limit100_seed23.json
winogrande,WinoGrande,16,100,0.730000,73,81.299871,15.439712,results/domain_shift/task_aware/solid_v2/step_sweep_limit100_2to40/raw/llada8b_fixed_steps16_9task_limit100_seed23.json
winogrande,WinoGrande,18,100,0.740000,74,101.555184,15.439712,results/domain_shift/task_aware/solid_v2/step_sweep_limit100_2to40/raw/llada8b_fixed_steps18_9task_limit100_seed23.json
winogrande,WinoGrande,20,100,0.740000,74,104.274330,15.439712,results/domain_shift/task_aware/solid_v2/step_sweep_limit100_2to40/raw/llada8b_fixed_steps20_9task_limit100_seed23.json
winogrande,WinoGrande,22,100,0.740000,74,123.669083,15.439712,results/domain_shift/task_aware/solid_v2/step_sweep_limit100_2to40/raw/llada8b_fixed_steps22_9task_limit100_seed23.json
winogrande,WinoGrande,24,100,0.740000,74,126.847634,15.439712,results/domain_shift/task_aware/solid_v2/step_sweep_limit100_2to40/raw/llada8b_fixed_steps24_9task_limit100_seed23.json
winogrande,WinoGrande,32,100,0.740000,74,171.657723,15.439712,results/domain_shift/task_aware/solid_v2/step_sweep_limit100_2to40/raw/llada8b_fixed_steps32_9task_limit100_seed23.json
winogrande,WinoGrande,40,100,0.740000,74,215.390890,15.439713,results/domain_shift/task_aware/solid_v2/step_sweep_limit100_2to40/raw/llada8b_fixed_steps40_9task_limit100_seed23.json
